{
    "precision": 0.24633624238432406,
    "recall": 0.2961789744605029,
    "f1_score": 0.2689679971233369,
    "auc": 0.8210401095157528,
    "accuracy": 0.9528631628979997,
    "confusion_matrix": {
        "TP": 1496,
        "TN": 162891,
        "FP": 4577,
        "FN": 3555
    }
}