{
    "precision": 0.43652501344809036,
    "recall": 0.6426450207879628,
    "f1_score": 0.5199006967245936,
    "auc": 0.9772498265086661,
    "accuracy": 0.9652502043253207,
    "confusion_matrix": {
        "TP": 3246,
        "TN": 163278,
        "FP": 4190,
        "FN": 1805
    }
}