{
    "precision": 0.7630761263593993,
    "recall": 0.5834488220154425,
    "f1_score": 0.6612812745428026,
    "auc": 0.9620213924734374,
    "accuracy": 0.9825004782081973,
    "confusion_matrix": {
        "TP": 2947,
        "TN": 166553,
        "FP": 915,
        "FN": 2104
    }
}