{
    "dataset": "HDFS",
    "data_mode": "full",
    "representation": "MCV",
    "models": {
        "isolation_forest": {
            "category": "classical_unsupervised",
            "precision": 0.7630761263593993,
            "recall": 0.5834488220154425,
            "f1_score": 0.6612812745428026,
            "auc": 0.9620213924734374,
            "accuracy": 0.9825004782081973
        },
        "autoencoder": {
            "category": "deep_learning_unsupervised",
            "precision": 0.24633624238432406,
            "recall": 0.2961789744605029,
            "f1_score": 0.2689679971233369,
            "auc": 0.8210401095157528,
            "accuracy": 0.9528631628979997
        }
    }
}