{
    "RF_NoFS": {
        "precision": 0.9375,
        "recall": 0.9036144578313253,
        "f1_score": 0.9202453987730062,
        "auc": 0.9770055833088451,
        "true_positive": 75,
        "true_negative": 77,
        "false_positive": 5,
        "false_negative": 8,
        "accuracy": 0.9212121212121213
    },
    "RF_WithFS": {
        "precision": 0.9493670886075949,
        "recall": 0.9036144578313253,
        "f1_score": 0.9259259259259259,
        "auc": 0.9761240082280341,
        "true_positive": 75,
        "true_negative": 78,
        "false_positive": 4,
        "false_negative": 8,
        "accuracy": 0.9272727272727272
    },
    "LR": {
        "precision": 0.891566265060241,
        "recall": 0.891566265060241,
        "f1_score": 0.891566265060241,
        "auc": 0.9180135174845723,
        "true_positive": 74,
        "true_negative": 73,
        "false_positive": 9,
        "false_negative": 9,
        "accuracy": 0.8909090909090909
    },
    "DT": {
        "precision": 0.948051948051948,
        "recall": 0.8795180722891566,
        "f1_score": 0.9125,
        "auc": 0.8986188657067293,
        "true_positive": 73,
        "true_negative": 78,
        "false_positive": 4,
        "false_negative": 10,
        "accuracy": 0.9151515151515152
    }
}