{
    "precision": 0.996031746031746,
    "recall": 0.9938626014650564,
    "f1_score": 0.9949459914775542,
    "auc": 0.9980710439711706,
    "accuracy": 0.9997043803870878,
    "confusion_matrix": {
        "TP": 5020,
        "TN": 167448,
        "FP": 20,
        "FN": 31
    },
    "threshold": 0.5,
    "num_sessions": 172519,
    "num_windows": 172555
}