{
    "precision": 0.6031746031746031,
    "recall": 0.9156626506024096,
    "f1_score": 0.7272727272727273,
    "auc": 0.8060534822215693,
    "accuracy": 0.6545454545454545,
    "confusion_matrix": {
        "TP": 76,
        "TN": 32,
        "FP": 50,
        "FN": 7
    },
    "threshold": 0.5,
    "num_sessions": 165,
    "num_windows": 17864
}