{
    "precision": 0.9817342011337392,
    "recall": 0.9257572757869729,
    "f1_score": 0.9529243937232525,
    "auc": 0.9736928268012323,
    "accuracy": 0.9973220340947954,
    "confusion_matrix": {
        "TP": 4676,
        "TN": 167381,
        "FP": 87,
        "FN": 375
    },
    "threshold": 0.5,
    "num_sessions": 172519,
    "num_windows": 172555
}