{
    "precision": 0.6410256410256411,
    "recall": 0.9036144578313253,
    "f1_score": 0.75,
    "auc": 0.8545401116661768,
    "accuracy": 0.696969696969697,
    "confusion_matrix": {
        "TP": 75,
        "TN": 40,
        "FP": 42,
        "FN": 8
    },
    "threshold": 0.5,
    "num_sessions": 165,
    "num_windows": 17864
}