{
    "precision": 0.9731141199226305,
    "recall": 0.9960403880419719,
    "f1_score": 0.9844437921925447,
    "auc": 0.9996710636089242,
    "accuracy": 0.9990783623832737,
    "confusion_matrix": {
        "TP": 5031,
        "TN": 167329,
        "FP": 139,
        "FN": 20
    },
    "threshold": 0.5,
    "num_sessions": 172519,
    "num_windows": 172555
}